City_ID,City,Lat,Lng,Max Temp,Humidity,Cloudiness,Wind Speed,Country,Date
0,busselton,-33.65,115.3333,17.74,58,80,6.77,AU,1680110099
1,vostok,46.4856,135.8833,-1.16,79,60,2.86,RU,1680110489
2,kapaa,22.0752,-159.319,24.18,90,75,5.14,US,1680110168
3,albany,42.6001,-73.9662,11.13,38,40,0.89,US,1680110069
4,rikitea,-23.1203,-134.9692,26.39,72,89,2.05,PF,1680109791
5,butaritari,3.0707,172.7902,26.92,83,88,6.33,KI,1680110058
6,upernavik,72.7868,-56.1549,-23.44,78,15,3.13,GL,1680110132
7,thompson,55.7435,-97.8558,-7.91,41,75,4.63,CA,1680110179
8,tuktoyaktuk,69.4541,-133.0374,-22.99,100,81,3.02,CA,1680110080
9,atuona,-9.8,-139.0333,27.05,75,64,6.21,PF,1680110091
10,port elizabeth,-33.918,25.5701,17.28,73,87,3.58,ZA,1680110123
11,trofors,65.5333,13.4063,-4.07,88,5,0.92,NO,1680110493
12,khatanga,71.9667,102.5,-30.47,100,99,0.78,RU,1680109818
13,skjervoy,70.0311,20.9714,-3.0,59,100,3.21,NO,1680110495
14,santa vitoria do palmar,-33.5189,-53.3681,30.07,36,0,3.86,BR,1680110495
15,farmington,36.7281,-108.2187,11.78,29,0,4.12,US,1680110496
16,saint george,37.1041,-113.5841,16.33,32,0,2.57,US,1680109985
17,mataura,-46.1927,168.8643,5.27,84,36,1.77,NZ,1680110072
18,namatanai,-3.6667,152.4333,25.72,84,99,1.55,PG,1680110498
19,carnarvon,-24.8667,113.6333,24.41,76,100,3.52,AU,1680109864
20,hilo,19.7297,-155.09,22.93,90,40,3.09,US,1680110064
21,dikson,73.5069,80.5464,-19.91,99,100,2.66,RU,1680110185
22,auki,-8.7676,160.7034,25.29,88,100,1.6,SB,1680110500
23,pevek,69.7008,170.3133,-22.01,100,69,1.25,RU,1680109906
24,sao joao da barra,-21.6403,-41.0511,31.05,71,97,3.85,BR,1680110094
25,bambous virieux,-20.3428,57.7575,25.68,75,86,6.59,MU,1680110119
26,ushuaia,-54.8,-68.3,5.81,61,40,8.75,AR,1680110088
27,cape town,-33.9258,18.4232,17.71,67,93,2.24,ZA,1680109835
28,takoradi,4.8845,-1.7554,29.03,72,92,6.76,GH,1680110502
29,port alfred,-33.5906,26.891,17.32,65,88,4.47,ZA,1680110098
30,provideniya,64.3833,-173.3,-7.16,92,100,7.04,RU,1680109816
31,wanning,18.8003,110.3967,23.61,93,32,2.19,CN,1680110129
32,saskylakh,71.9167,114.0833,-26.2,99,97,1.83,RU,1680110240
33,new norfolk,-42.7826,147.0587,13.72,78,100,1.79,AU,1680109796
34,sorong,-0.8833,131.25,26.28,81,97,2.21,ID,1680110237
35,tasiilaq,65.6145,-37.6368,-5.91,68,24,1.0,GL,1680110116
36,ambon,-3.6954,128.1814,25.69,15,40,3.09,ID,1680110506
37,jalu,29.0331,21.5482,18.75,24,0,4.57,LY,1680110286
38,pisco,-13.7,-76.2167,27.03,69,0,5.14,PE,1680109893
39,noumea,-22.2763,166.4572,26.11,99,97,3.56,NC,1680110062
40,hermanus,-34.4187,19.2345,16.0,73,88,1.85,ZA,1680110105
41,mednogorsk,51.4128,57.595,3.04,88,97,12.63,RU,1680110508
42,bredasdorp,-34.5322,20.0403,15.96,64,80,4.2,ZA,1680110154
43,kahului,20.8947,-156.47,24.36,82,20,3.6,US,1680110133
44,jamestown,42.097,-79.2353,8.9,50,75,9.83,US,1680109787
45,severo-kurilsk,50.6789,156.125,-1.58,58,1,3.11,RU,1680110069
46,muncar,-8.4333,114.3333,24.42,91,95,1.49,ID,1680110510
47,havre-saint-pierre,50.2334,-63.5986,0.2,80,100,2.47,CA,1680110136
48,vikindu,-7.0067,39.2985,24.65,89,100,2.45,TZ,1680110511
49,dingle,10.9995,122.6711,24.49,87,100,2.88,PH,1680110093
50,niksic,42.7731,18.9445,5.92,67,44,1.07,ME,1680110512
51,bluff,-46.6,168.3333,5.45,72,63,6.8,NZ,1680110095
52,saryg-sep,51.5,95.6,-2.58,95,1,0.98,RU,1680110513
53,barrow,71.2906,-156.7887,-12.99,78,100,4.63,US,1680109845
54,kassala,15.451,36.4,30.8,13,59,4.13,SD,1680110514
55,arauli,13.95,-86.55,26.98,45,19,3.97,HN,1680110514
56,videbaek,56.0876,8.6285,7.1,93,100,1.01,DK,1680110515
57,puerto del rosario,28.5004,-13.8627,24.86,44,0,8.23,ES,1680110515
58,virginia beach,36.8529,-75.978,14.02,59,40,4.63,US,1680110305
59,liuzhou,24.3126,109.3892,14.97,86,100,2.06,CN,1680110516
60,georgetown,5.4112,100.3354,27.96,83,20,1.54,MY,1680109927
61,hambantota,6.1241,81.1185,27.09,71,44,3.44,LK,1680110516
62,port moresby,-9.4431,147.1797,23.68,94,40,2.57,PG,1680110517
63,esperance,-33.8667,121.9,15.66,83,36,4.55,AU,1680110188
64,hithadhoo,-0.6,73.0833,28.36,74,34,2.64,MV,1680110113
65,saint-joseph,-21.3667,55.6167,26.21,81,30,4.45,RE,1680110519
66,santa maria del oro,25.9333,-105.3667,20.41,42,87,1.23,MX,1680110392
67,vaini,-21.2,-175.2,22.09,100,20,0.51,TO,1680110090
68,selty,57.3132,52.1345,-2.96,88,33,3.46,RU,1680110520
69,okha,53.5739,142.9478,-2.55,88,96,4.17,RU,1680110521
70,yellowknife,62.456,-114.3525,-11.91,72,79,3.58,CA,1680110082
71,polunochnoye,60.8697,60.4153,-9.94,91,7,1.98,RU,1680110522
72,victoria,22.2855,114.1577,22.33,88,98,2.68,HK,1680109883
73,abu dhabi,24.4667,54.3667,25.53,59,0,5.14,AE,1680110511
74,santiago,-33.4569,-70.6483,29.19,33,0,3.09,CL,1680110442
75,norman wells,65.282,-126.8329,-12.39,89,81,2.54,CA,1680110097
76,yulara,-25.2406,130.9889,21.79,40,84,6.44,AU,1680110231
77,avarua,-21.2078,-159.775,24.03,94,100,0.51,CK,1680110085
78,pitimbu,-7.4706,-34.8086,26.33,70,23,4.65,BR,1680110526
79,punta arenas,-53.15,-70.9167,6.06,56,75,3.6,CL,1680110097
80,east london,-33.0153,27.9116,19.24,62,89,9.37,ZA,1680110103
81,oranjemund,-28.55,16.4333,16.57,73,0,10.82,NA,1680110137
82,chicama,-7.8447,-79.1469,27.3,60,99,3.5,PE,1680110314
83,kaitangata,-46.2817,169.8464,5.04,81,33,2.71,NZ,1680110161
84,yeppoon,-23.1333,150.7333,21.88,87,15,2.15,AU,1680110530
85,bethel,41.3712,-73.414,12.02,35,0,2.06,US,1680110081
86,saint-pierre,-21.3393,55.4781,26.82,78,75,4.63,RE,1680110270
87,tessalit,20.1986,1.0114,34.23,5,0,4.92,ML,1680110200
88,corn island,12.1694,-83.0418,26.45,70,8,7.82,NI,1680110532
89,petropavlovsk-kamchatskiy,53.0452,158.6483,-6.67,58,0,3.0,RU,1680110084
90,kurumkan,54.3,110.3,2.25,98,95,1.3,RU,1680110488
91,ribeira grande,38.5167,-28.7,17.1,82,40,10.28,PT,1680110160
92,tazovskiy,67.4667,78.7,-18.22,98,93,4.15,RU,1680110166
93,xining,36.6167,101.7667,8.03,38,100,1.21,CN,1680110535
94,qaanaaq,77.484,-69.3632,-21.98,71,92,2.41,GL,1680110133
95,monrovia,6.3005,-10.7969,26.87,70,82,3.6,LR,1680110536
96,kailua,21.4022,-157.7394,25.99,85,75,0.89,US,1680110537
97,mar del plata,-38.0023,-57.5575,21.72,53,40,5.66,AR,1680110020
98,szczytno,53.5626,20.9875,2.96,44,0,1.03,PL,1680110484
99,lishui,28.4604,119.9103,10.66,98,100,0.24,CN,1680110538
100,vanavara,60.34,102.2797,2.28,94,100,7.25,RU,1680110539
101,hami,42.8,93.45,15.96,10,1,3.35,CN,1680110540
102,naze,28.3667,129.4833,15.62,82,100,4.93,JP,1680109944
103,inhambane,-23.865,35.3833,24.99,61,0,4.73,MZ,1680110542
104,suntar,62.1444,117.6319,-14.47,97,96,2.63,RU,1680110484
105,santa cruz,-17.8,-63.1667,31.03,62,40,11.32,BO,1680110330
106,roma,43.2128,-75.4557,10.77,41,57,2.68,US,1680110524
107,castro,-24.7911,-50.0119,26.51,55,76,2.55,BR,1680109795
108,haines junction,60.7522,-137.5108,-10.03,73,100,0.51,CA,1680110545
109,torbay,47.6666,-52.7314,2.44,87,99,4.02,CA,1680110096
110,bengkulu,-3.8004,102.2655,24.67,87,98,2.16,ID,1680110336
111,beloha,-25.1667,45.05,21.49,74,0,6.29,MG,1680110264
112,alofi,-19.0595,-169.9187,27.14,78,100,3.99,NU,1680110144
113,nouadhibou,20.931,-17.0347,22.99,68,0,9.26,MR,1680110547
114,vao,-22.6667,167.4833,24.54,79,97,4.65,NC,1680110116
115,ilulissat,69.2167,-51.1,-10.99,48,0,1.54,GL,1680110129
116,airai,-8.9266,125.4092,14.9,88,100,0.8,TL,1680109842
117,nikolskoye,59.7035,30.7861,-2.06,95,100,4.08,RU,1680110068
118,katsuura,35.1333,140.3,12.24,81,99,1.84,JP,1680110131
119,hasaki,35.7333,140.8333,11.79,78,100,4.17,JP,1680109855
120,laramie,41.3114,-105.5911,7.27,29,0,9.26,US,1680110546
121,arraial do cabo,-22.9661,-42.0278,30.98,65,0,8.75,BR,1680110201
122,palmer,42.1584,-72.3287,11.95,30,20,2.57,US,1680110553
123,buchach,49.0625,25.388,0.29,53,65,3.76,UA,1680110555
124,sioux lookout,50.1001,-91.917,-7.96,45,20,6.17,CA,1680110555
125,kruisfontein,-34.0033,24.7314,16.05,72,98,6.99,ZA,1680110107
126,muyezerskiy,63.9333,31.65,-2.58,97,100,2.87,RU,1680110559
127,diapaga,12.0708,1.7889,38.87,7,89,4.02,BF,1680110560
128,fairbanks,64.8378,-147.7164,-6.62,75,75,2.57,US,1680110560
129,san patricio,28.017,-97.5169,19.94,59,99,4.98,US,1680110064
130,jacareacanga,-6.2222,-57.7528,29.05,82,94,1.63,BR,1680110561
131,cabo san lucas,22.8909,-109.9124,27.01,58,75,3.6,MX,1680109816
132,zsambek,47.5481,18.7201,8.97,72,100,1.37,HU,1680110562
133,miandrivazo,-19.5167,45.4667,25.61,89,83,1.09,MG,1680110562
134,cameta,-2.2444,-49.4958,28.07,73,80,2.25,BR,1680110563
135,conde,-7.2597,-34.9075,25.7,89,75,4.12,BR,1680110191
136,milkovo,54.7167,158.6167,-10.39,86,9,1.91,RU,1680110565
137,najran,17.4924,44.1277,25.36,48,77,5.32,SA,1680110566
138,kodiak,57.79,-152.4072,2.73,75,100,1.54,US,1680110113
139,codrington,-38.2667,141.9667,12.23,83,79,3.47,AU,1680110108
140,clyde river,70.4692,-68.5914,-15.48,90,98,1.35,CA,1680109876
141,vanimo,-2.6741,141.3028,25.2,84,99,0.36,PG,1680110568
142,jardim,-21.4803,-56.1381,32.22,52,32,3.71,BR,1680110283
143,tuatapere,-46.1333,167.6833,1.95,91,40,2.24,NZ,1680110203
144,maragogi,-9.0122,-35.2225,28.09,72,71,5.35,BR,1680110435
145,mount isa,-20.7333,139.5,25.87,53,40,3.6,AU,1680110569
146,college,64.8569,-147.8028,-5.44,74,75,2.57,US,1680110064
147,palimbang,6.2106,124.1894,25.25,87,99,1.72,PH,1680110571
148,santa maria,-29.6842,-53.8069,34.61,41,20,5.14,BR,1680110314
149,izumo,35.3667,132.7667,4.97,61,4,2.13,JP,1680110571
150,muisne,0.6,-80.0333,28.47,68,68,3.25,EC,1680110572
151,novobirilyussy,56.9514,90.6661,4.41,90,82,5.43,RU,1680110572
152,orissaare,58.5592,23.0826,0.53,61,34,2.52,EE,1680110572
153,ketchikan,55.3422,-131.6461,5.26,60,20,4.63,US,1680110177
154,kichera,55.9375,110.0997,-0.39,98,100,1.17,RU,1680110573
155,koslan,63.4564,48.8989,-4.48,92,100,3.58,RU,1680110574
156,tiksi,71.6872,128.8694,-29.24,100,91,3.07,RU,1680110277
157,deputatskiy,69.3,139.9,-29.03,97,65,0.96,RU,1680110282
158,port pirie,-33.1833,138.0167,15.0,72,0,2.65,AU,1680110575
159,smithers,54.7804,-127.1743,0.18,59,20,1.03,CA,1680110576
160,save,8.0425,2.486,37.18,24,53,1.9,BJ,1680110576
161,chabahar,25.2919,60.643,24.51,67,2,7.05,IR,1680110576
162,ewa beach,21.3156,-158.0072,25.97,83,40,6.17,US,1680110577
163,loyga,61.0784,44.6075,-0.79,84,99,4.65,RU,1680110577
164,vardo,70.3705,31.1107,-1.01,93,100,11.32,NO,1680110578
165,lasa,46.6166,10.7002,10.76,96,99,2.08,IT,1680110117
166,isangel,-19.55,169.2667,25.09,87,56,3.17,VU,1680110154
167,broome,42.2506,-75.833,10.56,46,40,4.12,US,1680110146
168,husavik,66.0449,-17.3389,2.54,81,100,9.4,IS,1680110579
169,aklavik,68.2191,-135.0107,-16.1,88,7,3.76,CA,1680110204
170,kavieng,-2.5744,150.7967,27.31,73,97,0.63,PG,1680110205
171,hovd,48.0056,91.6419,4.42,34,85,1.31,MN,1680110580
172,ponta do sol,32.6667,-17.1,26.18,21,33,1.27,PT,1680109909
173,elko,41.0002,-115.5012,-0.7,83,100,11.18,US,1680110581
174,fukuma,33.7667,130.4667,9.0,56,100,1.4,JP,1680110581
175,mareeba,-17.0,145.4333,21.4,99,69,0.49,AU,1680109909
176,maldonado,-34.6667,-54.9167,28.66,41,4,4.52,UY,1680109886
177,quang ngai,15.1167,108.8,23.08,94,91,0.25,VN,1680110584
178,dolores,-36.3132,-57.6792,23.74,55,43,4.29,AR,1680110584
179,orito,0.6766,-76.8771,31.54,53,84,1.71,CO,1680110585
180,yar-sale,66.8333,70.8333,-17.05,89,49,8.05,RU,1680110202
181,wanxian,30.8039,108.3897,13.9,87,13,0.81,CN,1680110586
182,kloulklubed,7.0419,134.2556,23.28,77,76,1.09,PW,1680110075
183,maki,37.75,138.8833,2.17,55,1,1.8,JP,1680110587
184,magadan,59.5667,150.8,-11.37,92,87,2.31,RU,1680110587
185,roebourne,-20.7833,117.1333,28.11,76,100,4.83,AU,1680110506
186,kautokeino,69.0125,23.0412,-6.56,95,100,8.34,NO,1680110589
187,new port richey,28.2442,-82.7193,28.3,62,84,1.79,US,1680110589
188,havelock,34.8791,-76.9013,15.55,64,70,3.13,US,1680110150
189,los llanos de aridane,28.6585,-17.9182,25.86,32,0,5.14,ES,1680110276
190,chokurdakh,70.6333,147.9167,-33.38,100,64,2.82,RU,1680109838
191,anadyr,64.75,177.4833,-6.72,92,75,1.79,RU,1680110134
192,kadoma,34.7333,135.5833,10.99,46,40,1.54,JP,1680110592
193,jacksonville beach,30.2947,-81.3931,21.7,67,75,7.72,US,1680110560
194,hofn,64.2539,-15.2082,4.01,81,100,9.77,IS,1680110248
195,ostrovnoy,68.0531,39.5131,-3.85,78,100,10.66,RU,1680110120
196,sampit,-2.5333,112.95,23.22,98,86,1.15,ID,1680110594
197,nelson bay,-32.7167,152.15,18.89,83,45,2.68,AU,1680110595
198,khor,47.8861,134.9464,7.6,49,94,6.3,RU,1680110596
199,along,28.1667,94.7667,13.93,88,93,0.7,IN,1680110597
200,hobart,-42.8794,147.3294,13.92,81,100,5.66,AU,1680110061
201,puerto ayora,-0.7393,-90.3518,30.98,84,57,4.02,EC,1680110117
202,ampanihy,-24.7,44.75,21.17,72,0,5.43,MG,1680110599
203,luderitz,-26.6481,15.1594,18.69,62,0,13.66,NA,1680110213
204,otradnoye,59.7775,30.8181,-1.97,95,100,4.02,RU,1680110600
205,klyuchi,52.2667,79.1667,5.26,83,8,5.34,RU,1680110601
206,mahebourg,-20.4081,57.7,25.7,75,80,6.31,MU,1680110092
207,port-gentil,-0.7193,8.7815,26.47,73,100,3.48,GA,1680110294
208,vung tau,10.346,107.0843,26.23,81,69,6.67,VN,1680110602
209,vaitape,-16.5167,-151.75,27.79,74,86,4.26,PF,1680110603
210,port lincoln,-34.7333,135.8667,15.32,78,30,1.62,AU,1680109972
211,langsa,4.4683,97.9683,23.83,90,31,0.36,ID,1680110279
212,saint anthony,45.0205,-93.218,-4.08,43,0,4.12,US,1680109916
213,krasnoselkup,65.7,82.4667,-22.39,99,72,4.57,RU,1680110161
214,saint-philippe,-21.3585,55.7679,26.77,81,38,4.29,RE,1680109839
215,cherskiy,68.75,161.3,-28.6,100,80,1.23,RU,1680110021
216,rocha,-34.4833,-54.3333,28.48,40,0,3.76,UY,1680110607
217,miloslavskoye,53.5815,39.4399,5.74,93,100,3.0,RU,1680110608
218,palu,-0.8917,119.8707,24.16,97,93,0.76,ID,1680110197
219,santiago del estero,-27.7951,-64.2615,34.3,42,0,2.35,AR,1680110609
220,saldanha,-33.0117,17.9442,16.42,75,84,8.6,ZA,1680110115
221,hobyo,5.3505,48.5268,28.11,70,15,4.27,SO,1680110485
222,bulawayo,-20.15,28.5833,18.12,81,98,2.44,ZW,1680110612
223,moron,-34.6534,-58.6198,27.86,55,93,2.17,AR,1680110079
224,chuy,-33.6971,-53.4616,29.11,40,0,4.17,UY,1680110084
225,havoysund,70.9963,24.6622,-0.87,78,100,8.84,NO,1680110109
226,abu samrah,35.3029,37.1841,10.27,64,73,11.2,SY,1680110296
227,grindavik,63.8424,-22.4338,6.26,75,75,9.77,IS,1680109840
228,kashi,39.4547,75.9797,17.56,14,0,5.0,CN,1680110218
229,bentong,3.5181,101.9079,25.25,91,41,0.07,MY,1680110617
230,sao filipe,14.8961,-24.4956,26.09,58,74,3.19,CV,1680110350
231,celestun,20.8667,-90.4,30.0,46,81,0.28,MX,1680110469
232,katherine,-14.4667,132.2667,24.18,73,85,2.06,AU,1680110619
233,marzuq,14.4,46.4667,24.5,63,80,1.71,YE,1680110252
234,wagga wagga,-35.1167,147.3667,11.03,74,2,4.7,AU,1680110621
235,doha,25.2867,51.5333,23.99,39,0,7.72,QA,1680110431
236,nadym,65.5333,72.5167,-16.73,93,81,6.31,RU,1680110622
237,xingcheng,40.6167,120.7167,9.27,52,0,4.21,CN,1680110622
238,mocuba,-16.8392,36.9856,21.56,94,30,1.84,MZ,1680110622
239,oktyabrskoye,43.0645,44.7417,9.08,93,100,3.0,RU,1680110623
240,narsaq,60.9167,-46.05,2.12,57,11,0.5,GL,1680110163
241,itarema,-2.9248,-39.9167,28.86,68,42,5.0,BR,1680110623
242,lata,40.1629,-8.3327,21.62,45,79,4.97,PT,1680110087
243,salina cruz,16.1667,-95.2,33.32,41,0,9.84,MX,1680110624
244,brae,60.3964,-1.353,5.9,90,100,11.86,GB,1680110138
245,cockburn town,21.4612,-71.1419,25.21,72,89,6.27,TC,1680110625
246,belogorsk,50.9158,128.4611,-0.29,55,29,7.28,RU,1680110626
247,adrar,20.5022,-10.0711,36.6,5,0,1.11,MR,1680110085
248,srednekolymsk,67.45,153.6833,-22.75,99,100,1.37,RU,1680110349
249,longyearbyen,78.2186,15.6401,-12.09,79,40,1.03,SJ,1680110077
250,leningradskiy,69.3833,178.4167,-10.1,84,100,2.21,RU,1680110158
251,richards bay,-28.783,32.0377,21.16,87,99,4.95,ZA,1680110627
252,sinnamary,5.3833,-52.95,26.8,78,62,5.34,GF,1680110312
253,dali,25.7,100.1833,9.4,56,0,2.91,CN,1680110629
254,anito,12.4497,125.2886,25.45,88,100,2.71,PH,1680110629
255,mamlyutka,54.9375,68.5394,-2.53,82,8,2.88,KZ,1680110629
256,vallenar,-28.5708,-70.7581,29.03,39,0,3.1,CL,1680110630
257,praia da vitoria,38.7333,-27.0667,18.14,72,40,9.56,PT,1680110304
258,laizhou,37.1717,119.9214,9.77,39,0,4.35,CN,1680110631
259,te anau,-45.4167,167.7167,1.12,95,30,0.77,NZ,1680110141
260,okhotsk,59.3833,143.3,-7.92,96,100,2.58,RU,1680110631
261,mengcheng,33.2579,116.5655,10.11,82,95,3.52,CN,1680110632
262,pangnirtung,66.1451,-65.7125,-16.0,72,20,2.57,CA,1680110633
263,penarroya-pueblonuevo,38.3,-5.2667,26.36,33,25,2.48,ES,1680110633
264,ziro,27.6333,93.8333,7.44,89,61,0.94,IN,1680110634
265,vestmanna,62.1564,-7.1664,3.51,93,100,16.98,FO,1680110635
266,ondangwa,-17.9167,15.95,28.72,40,83,2.94,NA,1680110635
267,guerrero negro,27.9769,-114.0611,16.88,55,0,6.58,MX,1680109845
268,mountain home,43.133,-115.6912,4.12,98,100,1.54,US,1680110636
269,alice springs,-23.7,133.8833,21.75,49,40,5.66,AU,1680110637
270,talnakh,69.4865,88.3972,-28.77,100,65,3.07,RU,1680110121
271,grand-santi,4.25,-54.3833,27.33,83,66,2.01,GF,1680110637
272,roura,4.7263,-52.3274,28.95,70,100,6.17,GF,1680110638
273,qaqortoq,60.7167,-46.0333,-3.23,73,18,1.04,GL,1680110638
274,sambava,-14.2667,50.1667,26.28,83,75,3.27,MG,1680110639
275,berlevag,70.8578,29.0864,-2.03,93,75,7.72,NO,1680110299
276,sept-iles,50.2001,-66.3821,1.14,84,100,2.57,CA,1680110639
277,ardakan,32.31,54.0175,21.83,20,7,0.93,IR,1680110640
278,livingstone,-17.8419,25.8543,23.35,58,63,2.26,ZM,1680110641
279,japura,-0.3167,102.35,23.2,98,73,0.6,ID,1680110330
280,svetlogorsk,52.6333,29.7333,-0.79,84,100,5.37,BY,1680110642
281,kyzyl-suu,42.3414,78.0056,8.26,50,98,2.13,KG,1680110122
282,vila,42.0304,-8.1588,13.72,67,42,5.65,PT,1680110288
283,eisenerz,47.5333,14.8833,7.51,70,100,1.32,AT,1680110643
284,puqi,29.7167,113.8833,12.25,92,100,1.04,CN,1680110644
285,sal rei,16.1833,-22.9167,26.11,65,20,6.17,CV,1680110645
286,komsomolskiy,40.4272,71.7189,18.4,39,100,4.12,UZ,1680110078
287,salalah,17.0151,54.0924,28.05,74,40,2.06,OM,1680110646
288,morant bay,17.8815,-76.4093,30.95,60,19,5.51,JM,1680110108
289,talcahuano,-36.7167,-73.1167,15.02,60,0,5.91,CL,1680110647
290,dickinson,29.4608,-95.0513,18.86,68,100,5.14,US,1680110604
291,creel,27.75,-107.6333,16.66,15,12,4.37,MX,1680110648
292,egvekinot,66.3167,-179.1667,-10.44,91,100,3.42,RU,1680110648
293,lebu,-37.6167,-73.65,14.28,59,13,7.14,CL,1680110087
294,glendive,47.1053,-104.7125,-4.21,74,0,3.6,US,1680110650
295,alekseyevsk,57.8406,108.3492,2.94,99,100,6.2,RU,1680110650
296,vyshhorod,50.5848,30.4898,1.08,80,99,5.64,UA,1680110651
297,arkhangelskoye,55.8549,35.3287,5.4,93,100,3.79,RU,1680110651
298,deulgaon raja,20.0167,76.0333,29.03,21,0,3.21,IN,1680110652
299,hamilton,39.1834,-84.5333,13.06,48,40,6.17,US,1680110010
300,rembang,-6.707,111.3498,24.98,89,100,0.84,ID,1680110653
301,kintinku,-5.8833,35.2333,21.6,89,98,0.7,TZ,1680110654
302,shieli,44.1667,66.75,17.5,67,96,4.49,KZ,1680110654
303,bathsheba,13.2167,-59.5167,29.34,54,20,9.26,BB,1680109929
304,uruzgan,32.8333,66.0,9.05,80,85,0.87,AF,1680110656
305,arman,59.7,150.1667,-11.1,94,97,2.94,RU,1680110658
306,vinh,18.6667,105.6667,21.39,91,94,1.89,VN,1680110659
307,valentin gomez farias,28.2167,-106.5833,16.24,46,4,2.9,MX,1680110659
308,ashland,40.8167,-82.2665,10.15,72,100,8.17,US,1680110571
309,namie,37.4833,141.0,7.21,92,94,1.43,JP,1680110660
310,yumen,40.2833,97.2,9.27,17,69,3.1,CN,1680110444
311,nara,34.6851,135.8049,8.05,37,53,0.86,JP,1680110027
312,ahipara,-35.1667,173.1667,10.51,76,32,2.05,NZ,1680110585
313,sumbe,-11.2061,13.8437,27.02,79,23,3.2,AO,1680110184
314,taoudenni,22.6783,-3.9836,38.05,5,28,6.27,ML,1680110465
315,touros,-5.1989,-35.4608,29.9,62,41,4.94,BR,1680110136
316,muroto,33.2833,134.15,14.2,60,86,2.56,JP,1680110665
317,dubai,25.2582,55.3047,24.14,64,20,5.14,AE,1680110665
318,kamennomostskiy,44.2983,40.1856,1.08,99,100,2.0,RU,1680110666
319,seoul,37.5683,126.9778,5.66,35,0,1.14,KR,1680109812
320,erzin,36.9559,36.2,11.26,75,87,3.96,TR,1680110667
321,watrous,51.6668,-105.4679,-8.12,62,48,6.17,CA,1680110668
322,menongue,-14.6585,17.691,20.88,81,91,1.27,AO,1680110277
323,lorengau,-2.0226,147.2712,26.99,76,64,1.42,PG,1680110201
324,treinta y tres,-33.2333,-54.3833,29.87,42,19,4.26,UY,1680110670
325,vestmannaeyjar,63.4427,-20.2734,4.55,87,75,18.01,IS,1680110327
326,faanui,-16.4833,-151.75,27.78,74,86,4.23,PF,1680110121
327,chapais,49.7834,-74.8492,-1.12,91,100,2.43,CA,1680110671
328,padang,-0.9492,100.3543,27.03,88,100,1.37,ID,1680110552
329,chihuahua,28.5,-106.0,16.46,54,3,3.57,MX,1680110646
330,russell,32.3502,-85.1999,18.34,39,0,3.09,US,1680110673
331,devrek,41.2192,31.9558,2.71,99,100,1.42,TR,1680110674
332,novo aripuana,-5.1206,-60.3797,25.46,94,98,2.4,BR,1680110674
333,dhidhdhoo,6.8833,73.1,28.73,74,98,4.58,MV,1680110617
334,prince rupert,54.3161,-130.3201,6.83,70,0,4.12,CA,1680110675
335,uyuni,-20.4597,-66.825,15.83,38,96,2.4,BO,1680110676
336,arbazh,57.6804,48.3065,-1.05,83,60,5.0,RU,1680110678
337,brandon,27.9378,-82.2859,28.39,69,40,4.12,US,1680110678
338,iqaluit,63.7506,-68.5145,-17.39,77,83,11.18,CA,1680110114
339,inskoy,54.4297,86.44,3.27,92,82,2.66,RU,1680110680
340,havre,49.5833,0.3333,18.44,42,0,6.69,FR,1680110680
341,marovoay,-16.1,46.6333,25.22,91,99,1.41,MG,1680110681
342,cidreira,-30.1811,-50.2056,29.57,60,0,1.16,BR,1680110682
343,tigil,57.8,158.6667,-14.93,98,46,2.96,RU,1680110189
344,voh,-20.9667,164.7,22.85,92,79,1.48,NC,1680110683
345,asfi,32.2994,-9.2372,21.04,58,23,8.32,MA,1680110683
346,daru,-9.0763,143.2092,25.77,88,84,2.8,PG,1680110266
347,tiquicheo,18.8833,-100.7333,34.84,16,25,1.45,MX,1680110684
348,gazojak,41.1875,61.4036,22.29,30,17,3.84,TM,1680110684
349,monte alegre,-2.0078,-54.0692,29.47,65,68,1.65,BR,1680110685
350,bontang,0.1333,117.5,26.61,83,91,2.74,ID,1680110685
351,kamaishi,39.2667,141.8833,5.96,87,56,2.59,JP,1680110686
352,martapura,-3.4167,114.85,26.05,100,100,1.54,ID,1680110686
353,denison,33.7557,-96.5367,16.75,57,100,5.36,US,1680110686
354,nan,18.8333,100.6667,26.72,33,64,0.6,TH,1680110687
355,macamic,48.7502,-78.9996,-5.56,92,100,6.32,CA,1680110687
356,baker city,44.7749,-117.8344,3.11,94,100,1.54,US,1680110687
357,nanortalik,60.1432,-45.2371,-2.11,82,64,2.45,GL,1680110154
358,maracacume,-2.0428,-45.9592,25.82,91,98,2.33,BR,1680110191
359,constantine,36.365,6.6147,22.67,24,0,2.06,DZ,1680110688
360,flin flon,54.7682,-101.865,-5.27,89,96,3.22,CA,1680110149
361,sibu,2.3,111.8167,24.17,94,40,0.0,MY,1680110689
362,abdanan,32.9926,47.4198,16.19,49,0,1.27,IR,1680110690
363,xuanhua,40.6103,115.0447,12.87,15,11,0.58,CN,1680110690
364,ca mau,9.1769,105.15,25.47,78,41,1.55,VN,1680110691
365,kongolo,-5.3833,27.0,23.03,91,100,0.94,CD,1680110691
366,aksarka,66.5606,67.7975,-21.44,90,45,2.71,RU,1680110691
367,oyama,36.3,139.8,13.1,80,100,2.65,JP,1680110692
368,ertil,51.8406,40.8056,7.98,95,100,4.56,RU,1680110692
369,meulaboh,4.1363,96.1285,25.69,85,43,1.19,ID,1680110692
370,cururupu,-1.8283,-44.8683,26.64,89,89,1.57,BR,1680110340
371,karratha,-20.7377,116.8463,27.95,78,100,5.61,AU,1680110250
372,jaca,42.569,-0.5499,21.73,31,39,1.76,ES,1680110693
373,klaksvik,62.2266,-6.589,4.51,86,100,17.19,FO,1680109908
374,jinchang,38.4953,102.1739,8.0,26,87,3.24,CN,1680110694
375,sire,12.9299,5.2043,36.88,7,55,2.82,NG,1680110695
376,namibe,-15.1961,12.1522,24.75,75,72,4.73,AO,1680110695
377,pearl,32.2746,-90.132,15.58,42,75,4.12,US,1680110695
378,marawi,7.9986,124.2928,20.32,95,100,0.19,PH,1680110186
379,cap malheureux,-19.9842,57.6142,25.82,75,80,8.01,MU,1680109940
380,bosobolo,4.1833,19.9,25.8,71,50,0.82,CD,1680110696
381,shizilu,35.1711,118.8289,9.4,61,100,2.33,CN,1680110697
382,araceli,10.5529,119.9913,27.64,80,96,7.15,PH,1680110644
383,lieksa,63.3167,30.0167,-3.53,91,100,2.94,FI,1680110698
384,lagoa,39.05,-27.9833,15.33,77,91,12.7,PT,1680109882
385,bafq,31.6128,55.4107,22.12,23,2,2.07,IR,1680110699
386,waipawa,-41.4122,175.5153,9.27,86,100,12.08,NZ,1680110699
387,oskemen,49.9565,82.6119,1.98,80,78,1.0,KZ,1680110700
388,paamiut,61.994,-49.6678,-6.92,53,22,1.47,GL,1680110486
389,vila velha,-20.3297,-40.2925,28.97,70,20,5.14,BR,1680110127
390,souillac,-20.5167,57.5167,27.21,78,75,3.6,MU,1680110702
391,dubti,11.7361,41.0853,32.57,43,55,4.05,ET,1680110703
392,sur,22.5667,59.5289,24.48,47,0,0.16,OM,1680110704
393,kavaratti,10.5669,72.642,27.66,70,54,3.68,IN,1680110705
394,molteno,-31.3968,26.3625,13.83,48,74,4.5,ZA,1680110705
395,djambala,-2.5447,14.7533,21.06,88,89,3.42,CG,1680110706
396,caravelas,-17.7125,-39.2481,29.55,48,2,3.91,BR,1680110707
397,peniche,39.3558,-9.3811,21.71,73,65,6.63,PT,1680110707
398,coquimbo,-29.9533,-71.3436,19.85,77,20,6.17,CL,1680110210
399,flinders,-34.5833,150.8552,16.7,79,3,0.89,AU,1680110708
400,kokoda,-8.8785,147.7407,23.52,94,100,0.59,PG,1680110200
401,bara,10.3744,10.7288,34.38,7,100,3.01,NG,1680110528
402,kattivakkam,13.2167,80.3167,29.05,82,3,6.58,IN,1680110710
403,nisia floresta,-6.0911,-35.2086,31.45,62,57,4.93,BR,1680110710
404,aripuana,-9.1667,-60.6333,27.73,87,97,1.25,BR,1680110292
405,changji,44.0167,87.3167,11.44,46,0,2.0,CN,1680110713
406,ambilobe,-13.2,49.05,24.3,93,56,1.56,MG,1680110122
407,ambulu,-8.345,113.6058,24.42,91,100,1.32,ID,1680110714
408,aanekoski,62.6946,25.818,-4.52,100,99,2.67,FI,1680110714
409,samarai,-10.6167,150.6667,27.65,76,17,2.43,PG,1680110352
410,ancona,43.55,13.1667,15.77,54,63,3.6,IT,1680110715
411,antalaha,-14.9003,50.2788,25.25,87,99,2.24,MG,1680110716
412,couvin,50.0528,4.495,15.86,81,100,5.55,BE,1680110716
413,moose factory,51.2585,-80.6094,-6.0,38,0,4.63,CA,1680110717
414,moussoro,13.6408,16.4901,34.78,11,55,5.09,TD,1680110718
415,mantua,45.1667,10.7833,17.58,61,29,1.66,IT,1680110450
416,rawson,-43.3002,-65.1023,14.49,21,1,8.74,AR,1680110357
417,ponnani,10.767,75.9252,26.62,80,91,2.76,IN,1680110719
418,ulaanbaatar,47.9077,106.8832,-3.93,68,0,1.0,MN,1680110720
419,agadez,19.75,10.25,29.27,7,1,4.12,NE,1680110721
420,aykhal,66.0,111.5,-19.5,99,98,2.45,RU,1680110322
421,cabinda,-5.55,12.2,30.08,62,20,2.06,AO,1680110722
422,fortuna,40.5982,-124.1573,11.19,73,100,2.68,US,1680110723
423,ardahan,41.1087,42.7022,3.38,95,81,3.56,TR,1680110723
424,qingyuan,23.7,113.0333,16.99,94,100,1.4,CN,1680110724
425,qandala,11.472,49.8728,28.39,75,42,2.13,SO,1680110724
426,nipawin,53.3668,-104.0009,-9.98,79,20,5.66,CA,1680110725
427,chiang klang,19.2938,100.8617,25.66,32,10,0.25,TH,1680110725
428,maceio,-9.6658,-35.7353,28.69,74,75,6.69,BR,1680110726
429,moerai,-22.4333,-151.3333,26.61,75,100,4.44,PF,1680110586
430,lima,-12.0432,-77.0282,26.14,69,0,5.66,PE,1680110625
431,atambua,-9.1061,124.8925,22.5,88,100,1.42,ID,1680110729
432,talara,-4.5772,-81.2719,29.42,70,40,3.6,PE,1680110729
433,kandrian,-6.2167,149.55,24.84,88,81,1.75,PG,1680110730
434,anzio,41.4853,12.6179,14.99,67,49,3.4,IT,1680110730
435,waddan,29.1614,16.139,21.36,28,0,5.37,LY,1680110443
436,olivenza,38.6832,-7.103,26.48,44,92,2.97,ES,1680110732
437,olinda,-8.0089,-34.8553,25.85,89,75,5.66,BR,1680110236
438,abu kamal,34.4506,40.9171,21.26,30,0,9.92,SY,1680110733
439,half moon bay,37.4636,-122.4286,10.33,90,100,5.14,US,1680110122
440,mezen,65.8522,44.24,-3.03,88,100,5.32,RU,1680110735
441,kudahuvadhoo,2.6708,72.8944,27.97,73,40,2.85,MV,1680110339
442,nantucket,41.2835,-70.0995,9.08,45,0,2.57,US,1680110190
443,gaffney,35.0718,-81.6498,14.46,33,0,3.2,US,1680110737
444,ladario,-19.0047,-57.6017,34.16,55,20,3.09,BR,1680110737
445,san cristobal,7.7669,-72.225,22.1,69,100,2.57,VE,1680110339
446,zhigansk,66.7697,123.3711,-24.51,97,100,1.58,RU,1680110192
447,inta,66.0317,60.1659,-11.79,93,96,4.34,RU,1680110739
448,palauig,15.435,119.9045,25.77,80,98,1.81,PH,1680110739
449,tianpeng,30.9866,103.9393,14.26,67,99,1.12,CN,1680110740
450,huarmey,-10.0681,-78.1522,27.5,68,69,3.93,PE,1680110740
451,aasiaat,68.7098,-52.8699,-19.7,87,28,2.39,GL,1680110741
452,westport,41.1415,-73.3579,12.38,42,0,5.66,US,1680110469
453,mount gambier,-37.8333,140.7667,10.53,89,12,2.2,AU,1680110450
454,ogaminana,7.5946,6.2248,34.94,30,63,2.43,NG,1680110742
455,varhaug,58.6147,5.6457,5.75,80,100,8.8,NO,1680110743
456,iskateley,67.6803,53.1512,-16.24,95,30,2.47,RU,1680110743
457,shimoda,34.6667,138.95,11.17,79,93,3.77,JP,1680110202
458,thunder bay,48.4001,-89.3168,-7.01,35,20,8.75,CA,1680110451
459,paraiso,9.8383,-83.8656,22.48,76,63,2.52,CR,1680110745
460,nome,64.5011,-165.4064,-6.05,100,100,11.32,US,1680110104
461,kunya,12.2233,8.5325,33.09,15,65,3.6,NG,1680110745
462,betare oya,5.6,14.0833,27.92,47,97,2.56,CM,1680110746
463,horta,38.5333,-28.6333,16.8,82,40,8.75,PT,1680110747
464,mayo,38.8876,-76.5119,15.19,44,0,5.14,US,1680110179
465,parambu,-6.2111,-40.6944,28.08,61,80,3.47,BR,1680110586
466,darnah,32.767,22.6367,13.11,54,5,8.04,LY,1680110748
467,mnogovershinnyy,53.9353,139.9242,-3.58,84,87,1.75,RU,1680110749
468,geraldton,-28.7667,114.6,23.23,78,75,9.26,AU,1680110749
469,tezu,27.9167,96.1667,18.32,58,68,2.18,IN,1680110750
470,yerbogachen,61.2767,108.0108,1.51,98,100,7.09,RU,1680110341
471,mahibadhoo,3.7833,72.9667,27.87,74,15,2.95,MV,1680110465
472,imbituba,-28.24,-48.6703,31.03,65,3,5.32,BR,1680110676
473,san carlos de bariloche,-41.1456,-71.3082,7.86,42,20,10.29,AR,1680110753
474,moranbah,-22.0016,148.0466,22.52,80,25,2.89,AU,1680110754
475,saint-georges,12.0564,-61.7485,28.82,65,75,10.29,GD,1680110484
476,dubreka,9.7911,-13.5233,31.04,60,100,4.74,GN,1680110754
477,cascais,38.6979,-9.4215,21.95,69,0,8.05,PT,1680110755
478,asyut,27.181,31.1837,23.1,23,0,6.88,EG,1680110755
479,fort nelson,58.8053,-122.7002,-0.59,87,100,4.12,CA,1680110756
480,sisimiut,66.9395,-53.6735,-9.43,64,23,2.41,GL,1680110756
481,san-pedro,4.7485,-6.6363,28.99,71,29,4.59,CI,1680110756
482,taltal,-25.4,-70.4833,22.4,72,8,2.79,CL,1680109949
483,sao jose da coroa grande,-8.8978,-35.1478,27.94,72,75,5.2,BR,1680110757
484,san quintin,30.4833,-115.95,15.61,57,0,4.58,MX,1680110758
485,hit,33.6416,42.8251,24.96,21,38,5.19,IQ,1680110758
486,kampot,10.6167,104.1833,25.03,76,62,2.68,KH,1680110758
487,high level,58.5169,-117.136,-1.94,74,40,5.14,CA,1680110703
488,maues,-3.3836,-57.7186,28.77,79,90,0.7,BR,1680110760
489,navolato,24.7672,-107.6944,23.1,26,100,1.33,MX,1680110766
490,bozeman,45.6796,-111.0386,-0.45,78,100,4.92,US,1680110720
491,constitucion,-35.3333,-72.4167,18.69,48,1,7.4,CL,1680110768
492,bulgan,48.8125,103.5347,4.16,39,5,1.21,MN,1680110768
493,lavrentiya,65.5833,-171.0,-7.89,95,100,3.28,RU,1680110769
494,honiara,-9.4333,159.95,25.52,89,100,2.07,SB,1680110188
495,prachuap khiri khan,12.2167,99.75,21.7,90,100,1.49,TH,1680110770
496,narrabri,-30.3167,149.7833,14.18,96,49,2.04,AU,1680110772
497,ural,55.9078,94.7464,6.89,69,31,5.48,RU,1680110773
498,trinidad,-14.8333,-64.9,31.99,62,40,3.09,BO,1680110773
499,harper,4.375,-7.7169,28.79,72,24,4.42,LR,1680110260
500,yaan,7.3833,8.5667,35.45,26,99,2.94,NG,1680110775
501,balgazyn,51.0,95.2,-3.27,77,18,1.57,RU,1680110777
502,skegness,53.1436,0.3363,14.04,92,100,7.51,GB,1680110778
503,oros,-6.2444,-38.9136,29.28,67,47,1.23,BR,1680110779
504,svetlaya,46.5389,138.3297,2.57,72,19,2.44,RU,1680110779
505,sabha,27.0377,14.4283,24.81,20,0,6.7,LY,1680110780
506,bonito,-21.1211,-56.4819,31.65,54,15,4.03,BR,1680110780
507,gimli,50.6336,-96.9907,-7.99,45,14,4.63,CA,1680110559
508,tecoanapa,16.5167,-98.75,34.9,32,1,2.75,MX,1680110781
509,omsukchan,62.5333,155.8,-19.31,100,27,1.56,RU,1680110782
510,acapulco,16.8634,-99.8901,29.9,54,0,3.6,MX,1680110783
511,sukhumi,43.0033,41.0153,8.04,100,100,2.44,GE,1680110783
512,soyo,-6.1349,12.3689,27.92,75,12,5.21,AO,1680110784
513,thinadhoo,0.5333,72.9333,28.16,75,2,2.17,MV,1680110784
514,poum,-20.2333,164.0167,25.93,77,95,1.47,NC,1680110285
515,antofagasta,-23.65,-70.4,23.6,68,7,3.84,CL,1680110623
516,comodoro rivadavia,-45.8667,-67.5,13.92,26,20,11.32,AR,1680110786
517,hirara,24.8,125.2833,21.92,100,75,4.63,JP,1680110265
518,miguel auza,24.2933,-103.4503,21.31,36,100,2.46,MX,1680110787
519,gwadar,25.1216,62.3254,23.92,66,3,6.26,PK,1680110787
520,oktyabrskiy,54.4815,53.471,2.46,89,77,4.3,RU,1680110788
521,nalut,30.3333,10.85,23.5,22,14,3.8,LY,1680110789
522,bardiyah,31.7561,25.0865,13.21,52,1,7.14,LY,1680110789
523,nizhneangarsk,55.7833,109.55,-3.76,99,99,1.94,RU,1680110790
524,shebunino,46.4339,141.8603,4.17,91,2,8.1,RU,1680110791
525,la asuncion,11.0333,-63.8628,26.42,70,46,6.99,VE,1680110710
526,bakal,54.9417,58.8083,-3.03,81,6,2.72,RU,1680110792
527,songjianghe,42.1859,127.479,2.18,70,0,2.48,CN,1680110793
528,liverpool,53.4106,-2.9779,15.55,77,75,5.66,GB,1680110590
529,igrim,63.1906,64.4162,-9.79,73,55,4.15,RU,1680110794
530,amga,60.8953,131.9608,-9.25,93,100,3.27,RU,1680110795
531,shakawe,-18.3667,21.85,21.74,77,89,1.36,BW,1680110796
532,ciudad bolivar,8.1222,-63.5497,33.98,33,96,3.85,VE,1680110797
533,oksfjord,70.2396,22.3479,-2.9,91,100,1.59,NO,1680110530
534,ojinaga,29.5667,-104.4167,18.01,41,0,2.57,MX,1680110798
535,portmore,17.9702,-76.8672,30.98,64,20,8.23,JM,1680110799
536,kovdor,67.5662,30.4758,-4.18,96,100,4.15,RU,1680110800
537,eureka,40.8021,-124.1637,11.34,68,97,3.13,US,1680110801
538,muret,43.3333,1.25,24.22,70,52,1.34,FR,1680110801
539,artvin,41.1667,41.8333,4.05,97,99,2.53,TR,1680110802
540,valleyview,55.0667,-117.2859,0.02,51,100,2.06,CA,1680110802
541,obera,-27.4871,-55.1199,35.74,28,2,1.75,AR,1680110803
542,tomatlan,19.9333,-105.25,30.72,36,27,3.08,MX,1680110803
543,port blair,11.6667,92.75,29.02,74,40,1.03,IN,1680110804
544,marquette,46.5333,-87.6335,-5.42,73,92,7.15,US,1680110805
545,victor harbor,-35.5667,138.6167,12.6,77,90,1.51,AU,1680110805
546,ancud,-41.8697,-73.8203,11.66,59,79,4.14,CL,1680110805
547,sitka,57.0531,-135.33,2.94,70,0,2.06,US,1680110806
548,lahaina,20.8783,-156.6825,23.78,88,100,2.31,US,1680110807
549,necochea,-38.5473,-58.7368,17.14,43,3,8.6,AR,1680110288
550,makinsk,52.6292,70.4169,-1.47,83,100,7.67,KZ,1680110807
551,numan,9.4667,12.0333,37.2,8,96,2.09,NG,1680110808
552,riyadh,24.6877,46.7219,24.08,14,0,3.1,SA,1680110520
553,batagay-alyta,67.8006,130.4114,-21.64,87,100,1.66,RU,1680110808
554,biak,-0.9131,122.8766,24.49,84,100,0.98,ID,1680110809
555,manokwari,-0.8667,134.0833,23.44,89,57,1.67,ID,1680110809
556,pelym,61.0108,61.9978,-7.02,91,8,2.96,RU,1680110810
557,okato,-39.2,173.8833,10.1,83,7,2.24,NZ,1680110810
558,trincomalee,8.5711,81.2335,23.63,85,84,0.95,LK,1680110811
559,maxixe,-23.8597,35.3472,24.9,61,0,4.16,MZ,1680110811
560,buala,-8.145,159.5921,26.61,82,100,2.36,SB,1680110273
561,kirakira,-10.4544,161.9205,26.06,86,100,1.4,SB,1680110812
562,lundazi,-12.2929,33.1782,18.01,97,79,1.11,ZM,1680110812
563,biltine,14.5333,20.9167,34.77,13,55,2.89,TD,1680110813
564,luan,46.3592,6.9759,11.32,73,100,0.89,CH,1680110813
565,fallon,39.4735,-118.7774,6.62,88,75,3.09,US,1680110813
566,cua,10.1589,-66.8858,33.11,32,82,3.45,VE,1680110814
567,turukhansk,65.8167,87.9833,-20.28,96,100,5.5,RU,1680110814
